{
    "sections": [
        {
            "sub_sections": [
                {
                    "questions": [
                        {
                            "QuestionNo": 202,
                            "Text": "Which Social Channels are you present on?",
                            "Options": [
                                {
                                    "Label": "Facebook",
                                    "Score": 3
                                },
                                {
                                    "Label": "Instagram",
                                    "Score": 3
                                },
                                {
                                    "Label": "Snapchat",
                                    "Score": 3
                                },
                                {
                                    "Label": "Twitter",
                                    "Score": 3
                                },
                                {
                                    "Label": "Like",
                                    "Score": 3
                                },
                                {
                                    "Label": "TikTok",
                                    "Score": 3
                                },
                                {
                                    "Label": "Line",
                                    "Score": 3
                                },
                                {
                                    "Label": "IMO",
                                    "Score": 3
                                },
                                {
                                    "Label": "WeChat",
                                    "Score": 3
                                },
                                {
                                    "Label": "Zalo",
                                    "Score": 3
                                },
                                {
                                    "Label": "LinkedIn",
                                    "Score": 3
                                }
                            ],
                            "OtherInputScore": 3,
                            "id": "5fe87d631fbef0918a7a4190",
                            "Score": 9,
                            "ScoreV2022": "None",
                            "Answer": [
                                {
                                    "id": "5fe87d631fbef0918a7a4191",
                                    "Label": "Facebook",
                                    "Response": "Facebook"
                                },
                                {
                                    "id": "5fe87d631fbef0918a7a4192",
                                    "Label": "Instagram",
                                    "Response": "Instagram"
                                },
                                {
                                    "id": "5fe87d631fbef0918a7a4194",
                                    "Label": "Twitter",
                                    "Response": "Twitter"
                                },
                                {
                                    "id": "5fe87d631fbef0918a7a419b",
                                    "Label": "LinkedIn",
                                    "Response": "LinkedIn"
                                }
                            ]
                        },
                        {
                            "QuestionNo": 203,
                            "Text": "How often does your company post content on social media platforms?",
                            "Options": [
                                {
                                    "Label": "Never; we don't engage in social media",
                                    "Score": 1
                                },
                                {
                                    "Label": "On ad-hoc occasions; maybe once a quarter",
                                    "Score": 2
                                },
                                {
                                    "Label": "Typically on a monthly basis",
                                    "Score": 3
                                },
                                {
                                    "Label": "Bi-Weekly",
                                    "Score": 4
                                },
                                {
                                    "Label": "Every Week",
                                    "Score": 5
                                },
                                {
                                    "Label": "Every Day",
                                    "Score": 5
                                },
                                {
                                    "Label": "Not Sure",
                                    "Score": 1
                                }
                            ],
                            "OtherInputScore": 0,
                            "id": "5fe87d641fbef0918a7a41a9",
                            "Score": 5,
                            "ScoreV2022": "None",
                            "Answer": [
                                {
                                    "id": "5fe87d641fbef0918a7a41ae",
                                    "Label": "Every Week",
                                    "Response": "Every Week"
                                }
                            ]
                        },
                        {
                            "QuestionNo": 205,
                            "Text": "What types of content do you post on your social media channels?",
                            "Options": [
                                {
                                    "Label": "Content you have created",
                                    "Score": 8
                                },
                                {
                                    "Label": "Content HP has created",
                                    "Score": 5
                                },
                                {
                                    "Label": "Content a 3rd Party has created",
                                    "Score": 3
                                },
                                {
                                    "Label": "You reshare HP content",
                                    "Score": 3
                                }
                            ],
                            "OtherInputScore": 3,
                            "id": "5fe87d651fbef0918a7a41bf",
                            "Score": 11,
                            "ScoreV2022": "None",
                            "Answer": [
                                {
                                    "id": "5fe87d651fbef0918a7a41c0",
                                    "Label": "Content you have created",
                                    "Response": "Content you have created"
                                },
                                {
                                    "id": "5fe87d651fbef0918a7a41c3",
                                    "Label": "You reshare HP content",
                                    "Response": "You reshare HP content"
                                }
                            ]
                        },
                        {
                            "QuestionNo": 206,
                            "Text": "Do you spend money to promote your posts on Social Media?",
                            "Options": [
                                {
                                    "Label": "Yes",
                                    "Score": 10
                                },
                                {
                                    "Label": "No",
                                    "Score": 1
                                },
                                {
                                    "Label": "Not Sure",
                                    "Score": 2
                                }
                            ],
                            "OtherInputScore": 0,
                            "id": "5fe87d661fbef0918a7a41ca",
                            "Score": 10,
                            "ScoreV2022": "None",
                            "Answer": [
                                {
                                    "id": "5fe87d661fbef0918a7a41cb",
                                    "Label": "Yes",
                                    "Response": "Yes"
                                }
                            ]
                        }
                    ],
                    "id": "5fe62633558d783cf0ae1014",
                    "SubSectionName": "Social Media",
                    "Score": 89.74358974358975,
                    "ScoreV2022": "None",
                    "ScoreChange": 0
                },
                {
                    "questions": [
                        {
                            "QuestionNo": 207,
                            "Text": "Do you have a paid advertising strategy?",
                            "Options": [
                                {
                                    "Label": "Yes",
                                    "Score": 10
                                },
                                {
                                    "Label": "No",
                                    "Score": 1
                                },
                                {
                                    "Label": "Not sure",
                                    "Score": 2
                                }
                            ],
                            "OtherInputScore": 0,
                            "id": "5fe87d671fbef0918a7a41d1",
                            "Score": 10,
                            "ScoreV2022": "None",
                            "Answer": [
                                {
                                    "id": "5fe87d671fbef0918a7a41d2",
                                    "Label": "Yes",
                                    "Response": "Yes"
                                }
                            ]
                        },
                        {
                            "QuestionNo": 208,
                            "Text": "Which of the following paid digital advertising mediums do you use?",
                            "Options": [
                                {
                                    "Label": "Search Engines Marketing on platforms like Google or Bing (Adwords)",
                                    "Score": 3
                                },
                                {
                                    "Label": "Banner and Display advertising on platforms like the Google Display Network or others.",
                                    "Score": 3
                                },
                                {
                                    "Label": "Video advertising on platforms like YouTube",
                                    "Score": 3
                                },
                                {
                                    "Label": "Paid for Email and SMS lists",
                                    "Score": 3
                                },
                                {
                                    "Label": "Affiliate Marketing",
                                    "Score": 3
                                },
                                {
                                    "Label": "Lead generation campaigns",
                                    "Score": 3
                                },
                                {
                                    "Label": "Marketplace Advertising on platforms like Amazon",
                                    "Score": 3
                                }
                            ],
                            "OtherInputScore": 3,
                            "id": "5fe87d681fbef0918a7a41d8",
                            "Score": 6,
                            "ScoreV2022": "None",
                            "Answer": [
                                {
                                    "id": "5fe87d681fbef0918a7a41dc",
                                    "Label": "Paid for Email and SMS lists",
                                    "Response": "Paid for Email and SMS lists"
                                },
                                {
                                    "id": "5fe87d681fbef0918a7a41de",
                                    "Label": "Lead generation campaigns",
                                    "Response": "Lead generation campaigns"
                                }
                            ]
                        },
                        {
                            "QuestionNo": 209,
                            "Text": "Have you or any of your team taken any digital advertising certifications? (E.g. Google Skillshop, Facebook Blueprint, Bing Certified professional)",
                            "OtherInputScore": 0,
                            "Options": [
                                {
                                    "Label": "Yes",
                                    "Score": 10
                                },
                                {
                                    "Label": "No",
                                    "Score": 1
                                },
                                {
                                    "Label": "Not sure",
                                    "Score": 2
                                }
                            ],
                            "id": "5fe87d681fbef0918a7a41e9",
                            "Score": 1,
                            "ScoreV2022": "None",
                            "Answer": [
                                {
                                    "id": "5ffdcb049e02fe0013e199d2",
                                    "Label": "No",
                                    "Response": "No"
                                }
                            ]
                        }
                    ],
                    "id": "5fe628014f0081387c1ae582",
                    "SubSectionName": "Paid Media",
                    "Score": 50,
                    "ScoreV2022": "None",
                    "ScoreChange": 0
                },
                {
                    "questions": [
                        {
                            "QuestionNo": 213,
                            "Text": "Do you have a Search Engine Optimisation (SEO) strategy?",
                            "Options": [
                                {
                                    "Label": "Yes",
                                    "Score": 10
                                },
                                {
                                    "Label": "No",
                                    "Score": 1
                                },
                                {
                                    "Label": "Not sure",
                                    "Score": 2
                                }
                            ],
                            "OtherInputScore": 0,
                            "id": "5fe87d6b1fbef0918a7a420f",
                            "Score": 0,
                            "ScoreV2022": 0
                        },
                        {
                            "QuestionNo": 214,
                            "Text": "Have you registered your business on any of the local search engines so that you can appear in local search and maps? (For example, Google my business pages or Bing places) ",
                            "Options": [
                                {
                                    "Label": "Yes",
                                    "Score": 10
                                },
                                {
                                    "Label": "No",
                                    "Score": 1
                                },
                                {
                                    "Label": "Not sure",
                                    "Score": 2
                                }
                            ],
                            "OtherInputScore": 0,
                            "id": "5fe87d6c1fbef0918a7a4216",
                            "Score": 0,
                            "ScoreV2022": 0
                        },
                        {
                            "QuestionNo": 216,
                            "Text": "What SEO metrics do you track?",
                            "Options": [
                                {
                                    "Label": "Keyword Ranking",
                                    "Score": 3
                                },
                                {
                                    "Label": "Website Traffic",
                                    "Score": 3
                                },
                                {
                                    "Label": "Leads",
                                    "Score": 3
                                },
                                {
                                    "Label": "Sales",
                                    "Score": 3
                                }
                            ],
                            "OtherInputScore": 3,
                            "id": "5fe87d6e1fbef0918a7a422c",
                            "Score": 0,
                            "ScoreV2022": 0
                        }
                    ],
                    "id": "5fe6280c4f0081387c1ae583",
                    "SubSectionName": "Search Engine Optimization",
                    "Score": 0,
                    "ScoreV2022": "None",
                    "ScoreChange": 0
                },
                {
                    "questions": [
                        {
                            "QuestionNo": 218,
                            "Text": "Which technologies and solutions do you use for your web and digital infrastructure?",
                            "Options": [
                                {
                                    "Label": "Online Research Tools e.g. Brand24, Qualtrics, Insightrix SurveyMonkey etc.",
                                    "Score": 3
                                },
                                {
                                    "Label": "User behavior or Conversion rate optimisation tools",
                                    "Score": 3
                                },
                                {
                                    "Label": "Web personalisation through a dynamic content solution or customer data platform (CDP)",
                                    "Score": 3
                                },
                                {
                                    "Label": "CRM Software (Customer relationship management) e.g. Salesforce, Microsoft dynamics, Leadsquare",
                                    "Score": 3
                                },
                                {
                                    "Label": "Content Management System e.g. WordPress, Drupal, etc.",
                                    "Score": 3
                                },
                                {
                                    "Label": "Design e.g. Jumpchart, Adobe Illustrator, Adobe Photoshop etc.",
                                    "Score": 3
                                },
                                {
                                    "Label": "Marketing Automation e.g. Hubspot, Marketo, WebEngage etc.",
                                    "Score": 3
                                },
                                {
                                    "Label": "Analytics Software e.g. Google Analytics, Appsflyer, Tune, Adjust, Mixpanel, Adobe etc.",
                                    "Score": 3
                                },
                                {
                                    "Label": "Rating & Review System",
                                    "Score": 3
                                },
                                {
                                    "Label": "ChatBots",
                                    "Score": 3
                                }
                            ],
                            "OtherInputScore": 3,
                            "id": "5fe87d6f1fbef0918a7a4244",
                            "Score": 9,
                            "ScoreV2022": "None",
                            "Answer": [
                                {
                                    "id": "5fe87d6f1fbef0918a7a4249",
                                    "Label": "Marketing Automation e.g. Hubspot, Marketo, WebEngage etc.",
                                    "Response": "Marketing Automation e.g. Hubspot, Marketo, WebEngage etc."
                                },
                                {
                                    "id": "5fe87d6f1fbef0918a7a424b",
                                    "Label": "Rating & Review System",
                                    "Response": "Rating & Review System"
                                },
                                {
                                    "id": "5fe87d6f1fbef0918a7a4246",
                                    "Label": "CRM Software (Customer relationship management) e.g. Salesforce, Microsoft dynamics, Leadsquare",
                                    "Response": "CRM Software (Customer relationship management) e.g. Salesforce, Microsoft dynamics, Leadsquare"
                                }
                            ]
                        }
                    ],
                    "id": "5fe628174f0081387c1ae584",
                    "SubSectionName": "Technical Stack",
                    "Score": 56.25,
                    "ScoreV2022": "None",
                    "ScoreChange": 0
                }
            ],
            "id": "5fe6233836d28811f0282a37",
            "sectionName": "Reach",
            "Score": 47.54807692307692,
            "ScoreV2022": "None",
            "ScoreChange": 0
        },
        {
            "sub_sections": [
                {
                    "questions": [
                        {
                            "QuestionNo": 301,
                            "OtherInputScore": 0,
                            "Text": "What feature functionality does your website carry?",
                            "Options": [
                                {
                                    "Label": "E-Commerce",
                                    "Score": 10
                                },
                                {
                                    "Label": "Chatbot",
                                    "Score": 3
                                },
                                {
                                    "Label": "Blog and New Pages",
                                    "Score": 3
                                },
                                {
                                    "Label": "Lead Forms",
                                    "Score": 5
                                },
                                {
                                    "Label": "Product Information",
                                    "Score": 3
                                },
                                {
                                    "Label": "Contact Information",
                                    "Score": 5
                                },
                                {
                                    "Label": "Not Sure",
                                    "Score": 0
                                }
                            ],
                            "id": "5fe87d1c1fbef0918a7a40e6",
                            "Score": 8,
                            "ScoreV2022": "None",
                            "Answer": [
                                {
                                    "id": "5fe87d1c1fbef0918a7a40ec",
                                    "Label": "Contact Information",
                                    "Response": "Contact Information"
                                },
                                {
                                    "id": "5fe87d1c1fbef0918a7a40e9",
                                    "Label": "Blog and New Pages",
                                    "Response": "Blog and New Pages"
                                }
                            ]
                        },
                        {
                            "QuestionNo": 302,
                            "OtherInputScore": 0,
                            "Text": "Which capabilities and tools did you implement to improve customers’ purchase consideration?",
                            "Options": [
                                {
                                    "Label": "Rating and reviews",
                                    "Score": 3
                                },
                                {
                                    "Label": "Premium content (images, and videos)",
                                    "Score": 3
                                },
                                {
                                    "Label": "Product selector tools",
                                    "Score": 3
                                },
                                {
                                    "Label": "Mobile optimized content",
                                    "Score": 3
                                },
                                {
                                    "Label": "None of the above",
                                    "Score": 0
                                }
                            ],
                            "id": "5fe87d1d1fbef0918a7a40f3",
                            "Score": 3,
                            "ScoreV2022": "None",
                            "Answer": [
                                {
                                    "id": "5fe87d1d1fbef0918a7a40f4",
                                    "Label": "Rating and reviews",
                                    "Response": "Rating and reviews"
                                }
                            ]
                        },
                        {
                            "QuestionNo": 303,
                            "OtherInputScore": 0,
                            "Text": "What do you display on the page when presenting a HP product?",
                            "Options": [
                                {
                                    "Label": "Clear title",
                                    "Score": 3
                                },
                                {
                                    "Label": "Product Features",
                                    "Score": 3
                                },
                                {
                                    "Label": "USPs",
                                    "Score": 3
                                },
                                {
                                    "Label": "Reviews and Ratings",
                                    "Score": 3
                                },
                                {
                                    "Label": "Detailed product description",
                                    "Score": 3
                                },
                                {
                                    "Label": "Clear call to action to purchase",
                                    "Score": 3
                                },
                                {
                                    "Label": "Comparisons / Filters and options",
                                    "Score": 3
                                },
                                {
                                    "Label": "High quality Images",
                                    "Score": 3
                                },
                                {
                                    "Label": "Videos",
                                    "Score": 3
                                },
                                {
                                    "Label": "Not Sure",
                                    "Score": 0
                                }
                            ],
                            "id": "5fe87d1e1fbef0918a7a40fe",
                            "Score": 0,
                            "ScoreV2022": "None",
                            "Answer": [
                                {
                                    "id": "602510c0754fbf00135dd65a",
                                    "Label": "Not Sure",
                                    "Response": "Not Sure"
                                }
                            ]
                        },
                        {
                            "QuestionNo": 304,
                            "OtherInputScore": 0,
                            "Text": "Do you track your Seller Ratings on third party sites platforms like Google, Amazon etc?",
                            "Options": [
                                {
                                    "Label": "Yes",
                                    "Score": 10
                                },
                                {
                                    "Label": "No",
                                    "Score": 1
                                },
                                {
                                    "Label": "Not Sure",
                                    "Score": 2
                                }
                            ],
                            "id": "5fe87d1e1fbef0918a7a4111",
                            "Score": 1,
                            "ScoreV2022": "None",
                            "Answer": [
                                {
                                    "id": "5fe87d1e1fbef0918a7a4113",
                                    "Label": "No",
                                    "Response": "No"
                                }
                            ]
                        },
                        {
                            "QuestionNo": 305,
                            "OtherInputScore": 0,
                            "Text": "Does your website work seamlessly on mobile, its thumb friendly and does not require the consumer to pinch and zoom?",
                            "Options": [
                                {
                                    "Label": "Yes",
                                    "Score": 10
                                },
                                {
                                    "Label": "No",
                                    "Score": 1
                                },
                                {
                                    "Label": "Not Sure",
                                    "Score": 2
                                }
                            ],
                            "id": "5fe87d1f1fbef0918a7a4118",
                            "Score": 10,
                            "ScoreV2022": "None",
                            "Answer": [
                                {
                                    "id": "5fe87d1f1fbef0918a7a4119",
                                    "Label": "Yes",
                                    "Response": "Yes"
                                }
                            ]
                        },
                        {
                            "QuestionNo": 306,
                            "OtherInputScore": 0,
                            "Text": "Where do you source the content for your website?",
                            "Options": [
                                {
                                    "Label": "We use syndicated content from HP",
                                    "Score": 0
                                },
                                {
                                    "Label": "Our team writes the content",
                                    "Score": 0
                                },
                                {
                                    "Label": "We let users generate content such as review ratings and feedback",
                                    "Score": 0
                                }
                            ],
                            "id": "5fe87d201fbef0918a7a411f",
                            "Score": 0,
                            "ScoreV2022": "None",
                            "Answer": [
                                {
                                    "id": "5fe87d201fbef0918a7a4120",
                                    "Label": "We use syndicated content from HP",
                                    "Response": "We use syndicated content from HP"
                                },
                                {
                                    "id": "5fe87d201fbef0918a7a4121",
                                    "Label": "Our team writes the content",
                                    "Response": "Our team writes the content"
                                }
                            ]
                        },
                        {
                            "QuestionNo": 307,
                            "OtherInputScore": 3,
                            "Text": "What techniques do you implement to improve customer experience on your website?",
                            "Options": [
                                {
                                    "Label": "Web content personalisation",
                                    "Score": 3
                                },
                                {
                                    "Label": "Shopping cart basket recommendations",
                                    "Score": 3
                                },
                                {
                                    "Label": "Dynamic cross selling with machine learning",
                                    "Score": 3
                                },
                                {
                                    "Label": "Chatbots",
                                    "Score": 3
                                },
                                {
                                    "Label": "Personalised offers and emails",
                                    "Score": 3
                                },
                                {
                                    "Label": "Behaviour analytics tools",
                                    "Score": 3
                                },
                                {
                                    "Label": "None of the above",
                                    "Score": 0
                                }
                            ],
                            "id": "5fe87d211fbef0918a7a4137",
                            "Score": 0,
                            "ScoreV2022": "None",
                            "Answer": [
                                {
                                    "id": "5fe87d211fbef0918a7a413e",
                                    "Label": "None of the above",
                                    "Response": "None of the above"
                                }
                            ]
                        },
                        {
                            "QuestionNo": 104,
                            "OtherInputScore": 0,
                            "Text": "Do you have a Website? ",
                            "Options": [
                                {
                                    "Label": "Yes",
                                    "Score": 0
                                },
                                {
                                    "Label": "No",
                                    "Score": 0
                                }
                            ],
                            "id": "5fecd4cbe16886f68c4a81b6",
                            "Score": 0,
                            "ScoreV2022": "None",
                            "Answer": [
                                {
                                    "id": "5fecd4cbe16886f68c4a81b7",
                                    "Label": "Yes",
                                    "Response": "Yes"
                                }
                            ]
                        },
                        {
                            "QuestionNo": 308,
                            "Text": "Are you aware of the HP Syndication Program?",
                            "Options": [
                                {
                                    "Label": "Yes",
                                    "Score": 0
                                },
                                {
                                    "Label": "No",
                                    "Score": 0
                                },
                                {
                                    "Label": "Not sure",
                                    "Score": 0
                                }
                            ],
                            "OtherInputScore": 0,
                            "id": "60033af105793200136d0935",
                            "Score": 0,
                            "ScoreV2022": "None",
                            "Answer": [
                                {
                                    "id": "60033af105793200136d0937",
                                    "Label": "No",
                                    "Response": "No"
                                }
                            ]
                        },
                        {
                            "QuestionNo": 309,
                            "Text": "Which of the below HP Product Syndication program benefits are you aware of?",
                            "OtherInputScore": 0,
                            "Options": [
                                {
                                    "Label": "Content is always up-to-date",
                                    "Score": 0
                                },
                                {
                                    "Label": "Saves time and money",
                                    "Score": 0
                                },
                                {
                                    "Label": "Increases engagement with customers",
                                    "Score": 0
                                },
                                {
                                    "Label": "Easy to Deploy with our real-time HP support",
                                    "Score": 0
                                },
                                {
                                    "Label": "Feasibility to customize product and services offerings",
                                    "Score": 0
                                }
                            ],
                            "id": "60033c3d05793200136d0966",
                            "Score": 0,
                            "ScoreV2022": 0
                        },
                        {
                            "QuestionNo": 310,
                            "Text": "Have you implemented HP Syndication?",
                            "OtherInputScore": 0,
                            "Options": [
                                {
                                    "Label": "Yes",
                                    "Score": 10
                                },
                                {
                                    "Label": "No",
                                    "Score": 0
                                }
                            ],
                            "id": "60033c9505793200136d0979",
                            "Score": 0,
                            "ScoreV2022": 0
                        },
                        {
                            "QuestionNo": 311,
                            "Text": "How are you leveraging the HP Syndication Program?",
                            "OtherInputScore": 0,
                            "Options": [
                                {
                                    "Label": "Digital Marketing Campaigns",
                                    "Score": 0
                                },
                                {
                                    "Label": "Customer Engagement",
                                    "Score": 0
                                },
                                {
                                    "Label": "E-commerce",
                                    "Score": 0
                                }
                            ],
                            "id": "60033ce005793200136d097e",
                            "Score": 0,
                            "ScoreV2022": 0
                        },
                        {
                            "QuestionNo": 312,
                            "Text": "Do you agree that the HP Syndication Program helps you achieve your business objectives?",
                            "OtherInputScore": 0,
                            "Options": [
                                {
                                    "Label": "Yes",
                                    "Score": 0
                                },
                                {
                                    "Label": "No",
                                    "Score": 0
                                },
                                {
                                    "Label": "Not sure",
                                    "Score": 0
                                }
                            ],
                            "id": "60033d1905793200136d0985",
                            "Score": 0,
                            "ScoreV2022": 0
                        },
                        {
                            "QuestionNo": 313,
                            "Text": "Have you experienced an increase in website traffic post the implementation of the HP Syndication Code?",
                            "OtherInputScore": 0,
                            "Options": [
                                {
                                    "Label": "Yes",
                                    "Score": 0
                                },
                                {
                                    "Label": "No",
                                    "Score": 0
                                },
                                {
                                    "Label": "Not sure",
                                    "Score": 0
                                }
                            ],
                            "id": "60033d4a05793200136d098c",
                            "Score": 0,
                            "ScoreV2022": 0
                        },
                        {
                            "QuestionNo": 314,
                            "Text": "Would you like to know more about the benefits of the HP Syndication Program?",
                            "OtherInputScore": 0,
                            "Options": [
                                {
                                    "Label": "Yes",
                                    "Score": 0
                                },
                                {
                                    "Label": "No",
                                    "Score": 0
                                }
                            ],
                            "id": "60033d7105793200136d0993",
                            "Score": 0,
                            "ScoreV2022": "None",
                            "Answer": [
                                {
                                    "id": "60033d7105793200136d0994",
                                    "Label": "Yes",
                                    "Response": "Yes"
                                }
                            ]
                        }
                    ],
                    "id": "5fe6282b4f0081387c1ae585",
                    "SubSectionName": "Website Experience",
                    "Score": 28.947368421052634,
                    "ScoreV2022": "None",
                    "ScoreChange": 0
                },
                {
                    "questions": [
                        {
                            "QuestionNo": 315,
                            "OtherInputScore": 5,
                            "Text": "What do you use your mobile app(s) for?",
                            "Options": [
                                {
                                    "Label": "Selling",
                                    "Score": 5
                                },
                                {
                                    "Label": "Support",
                                    "Score": 5
                                },
                                {
                                    "Label": "Information",
                                    "Score": 5
                                },
                                {
                                    "Label": "Communication",
                                    "Score": 5
                                }
                            ],
                            "id": "5fe87d221fbef0918a7a4146",
                            "Score": 0,
                            "ScoreV2022": 0
                        },
                        {
                            "QuestionNo": 316,
                            "OtherInputScore": 0,
                            "Text": "What percentage of business comes from the app?",
                            "Options": [],
                            "id": "5fe87d231fbef0918a7a4151",
                            "Score": 0,
                            "ScoreV2022": 0
                        }
                    ],
                    "id": "5fe6283b4f0081387c1ae586",
                    "SubSectionName": "Mobile App",
                    "Score": 0,
                    "ScoreV2022": "None",
                    "ScoreChange": 0
                },
                {
                    "questions": [
                        {
                            "QuestionNo": 319,
                            "OtherInputScore": 3,
                            "Text": "Which of the following analytical tools and solutions, if any, do you use for your website?",
                            "Options": [
                                {
                                    "Label": "A centralised Data Lake of all your business, customer, sales, web and application data",
                                    "Score": 3
                                },
                                {
                                    "Label": "CRM or Lead Management System",
                                    "Score": 3
                                },
                                {
                                    "Label": "Data visualisation tools (E.g. PowerBI, Watson, Datorama or Datastudio)",
                                    "Score": 3
                                },
                                {
                                    "Label": "Google Analytics",
                                    "Score": 3
                                },
                                {
                                    "Label": "Paid for Analytics (Omniture, GA360 etc)",
                                    "Score": 3
                                },
                                {
                                    "Label": "Heatmap or user behaviour tracking",
                                    "Score": 3
                                },
                                {
                                    "Label": "None of the above",
                                    "Score": 0
                                }
                            ],
                            "id": "5fe87d251fbef0918a7a4164",
                            "Score": 3,
                            "ScoreV2022": "None",
                            "Answer": [
                                {
                                    "id": "5fe87d251fbef0918a7a4166",
                                    "Label": "CRM or Lead Management System",
                                    "Response": "CRM or Lead Management System"
                                }
                            ]
                        },
                        {
                            "QuestionNo": 320,
                            "OtherInputScore": 0,
                            "Text": "Do you have a cookie policy for your site with a disclaimer presented to the customer?",
                            "Options": [
                                {
                                    "Label": "Yes",
                                    "Score": 10
                                },
                                {
                                    "Label": "No",
                                    "Score": 1
                                },
                                {
                                    "Label": "Not sure",
                                    "Score": 2
                                }
                            ],
                            "id": "5fe87d251fbef0918a7a417b",
                            "Score": 10,
                            "ScoreV2022": "None",
                            "Answer": [
                                {
                                    "id": "5fe87d261fbef0918a7a417c",
                                    "Label": "Yes",
                                    "Response": "Yes"
                                }
                            ]
                        },
                        {
                            "QuestionNo": 321,
                            "OtherInputScore": 5,
                            "Text": "How do you manage the level of inventory and the availability of the products online?",
                            "Options": [
                                {
                                    "Label": "You manually update using stock on hand",
                                    "Score": 5
                                },
                                {
                                    "Label": "You link to an enterprise resource planning (ERP) solution for the availability",
                                    "Score": 10
                                }
                            ],
                            "id": "5fe87d261fbef0918a7a4182",
                            "Score": 5,
                            "ScoreV2022": "None",
                            "Answer": [
                                {
                                    "id": "5fe87d261fbef0918a7a4183",
                                    "Label": "You manually update using stock on hand",
                                    "Response": "You manually update using stock on hand"
                                }
                            ]
                        }
                    ],
                    "id": "5fe628454f0081387c1ae587",
                    "SubSectionName": "Data Analytics",
                    "Score": 52.94117647058824,
                    "ScoreV2022": "None",
                    "ScoreChange": 0
                }
            ],
            "id": "5fe6234736d28811f0282a38",
            "sectionName": "Engage",
            "Score": 23.862229102167184,
            "ScoreV2022": "None",
            "ScoreChange": 0
        },
        {
            "sub_sections": [
                {
                    "questions": [
                        {
                            "QuestionNo": 401,
                            "OtherInputScore": 0,
                            "Text": "Do you use digital or online as a medium to generate business?",
                            "Options": [
                                {
                                    "Label": "Yes",
                                    "Score": 0
                                },
                                {
                                    "Label": "No",
                                    "Score": 0
                                }
                            ],
                            "id": "5fe88b29d8633e92abedf45e",
                            "Score": 0,
                            "ScoreV2022": "None",
                            "Answer": [
                                {
                                    "id": "5fe88b29d8633e92abedf45f",
                                    "Label": "Yes",
                                    "Response": "Yes"
                                }
                            ]
                        },
                        {
                            "QuestionNo": 403,
                            "OtherInputScore": 3,
                            "Text": "What payment options do you give the customer?",
                            "Options": [
                                {
                                    "Label": "Coupons/Promo Code",
                                    "Score": 3
                                },
                                {
                                    "Label": "At time of Delivery (COD - Cash on Delivery)",
                                    "Score": 3
                                },
                                {
                                    "Label": "Online Payment (Credit, Debit)",
                                    "Score": 3
                                },
                                {
                                    "Label": "Leasing or Financing solutions",
                                    "Score": 3
                                }
                            ],
                            "id": "5fe88b2ad8633e92abedf46c",
                            "Score": 0,
                            "ScoreV2022": 0
                        },
                        {
                            "QuestionNo": 404,
                            "OtherInputScore": 0,
                            "Text": "What percentage of your company's revenue comes from digital transactions on your site?",
                            "Options": [
                                {
                                    "Label": "Less than 25% comes from online",
                                    "Score": 3
                                },
                                {
                                    "Label": "Between 25-50% comes from online",
                                    "Score": 4
                                },
                                {
                                    "Label": "Between 50-75% comes from online",
                                    "Score": 6
                                },
                                {
                                    "Label": "More than 75% is online",
                                    "Score": 8
                                },
                                {
                                    "Label": "All your sales come from online",
                                    "Score": 10
                                },
                                {
                                    "Label": "Not sure",
                                    "Score": 2
                                }
                            ],
                            "id": "5fe88b2bd8633e92abedf475",
                            "Score": 0,
                            "ScoreV2022": 0
                        },
                        {
                            "QuestionNo": 406,
                            "OtherInputScore": 0,
                            "Text": "From home page to purchase, how many clicks does it take to purchase from your site?",
                            "Options": [
                                {
                                    "Label": "Within 2-clicks",
                                    "Score": 10
                                },
                                {
                                    "Label": "Within 3-5 clicks",
                                    "Score": 5
                                },
                                {
                                    "Label": "More than 5 clicks",
                                    "Score": 1
                                },
                                {
                                    "Label": "Do not know",
                                    "Score": 0
                                }
                            ],
                            "id": "5fe88b2cd8633e92abedf495",
                            "Score": 0,
                            "ScoreV2022": 0
                        },
                        {
                            "QuestionNo": 407,
                            "OtherInputScore": 3,
                            "Text": "Which of the following shopping cart abandoment solutions do you use?",
                            "Options": [
                                {
                                    "Label": "Automated email push",
                                    "Score": 3
                                },
                                {
                                    "Label": "Automated web push",
                                    "Score": 3
                                },
                                {
                                    "Label": "Automated SMS push",
                                    "Score": 3
                                },
                                {
                                    "Label": "App notification",
                                    "Score": 3
                                },
                                {
                                    "Label": "Media Retargeting",
                                    "Score": 3
                                },
                                {
                                    "Label": "Live web chat prompt",
                                    "Score": 3
                                },
                                {
                                    "Label": "Instant offer push",
                                    "Score": 3
                                },
                                {
                                    "Label": "None of the above",
                                    "Score": 0
                                }
                            ],
                            "id": "5fe88b2dd8633e92abedf4a2",
                            "Score": 0,
                            "ScoreV2022": 0
                        },
                        {
                            "QuestionNo": 409,
                            "OtherInputScore": 0,
                            "Text": "What is the fastest shipping option you provide your customers?",
                            "Options": [
                                {
                                    "Label": "Same Day",
                                    "Score": 10
                                },
                                {
                                    "Label": "Next Day",
                                    "Score": 8
                                },
                                {
                                    "Label": "Within a week",
                                    "Score": 5
                                },
                                {
                                    "Label": "Within a month",
                                    "Score": 2
                                },
                                {
                                    "Label": "Not sure",
                                    "Score": 1
                                }
                            ],
                            "id": "5fe88b34d8633e92abedf4f2",
                            "Score": 0,
                            "ScoreV2022": 0
                        },
                        {
                            "QuestionNo": 410,
                            "OtherInputScore": 0,
                            "Text": "How do you fulfil logistics for your e-commerce transactions?",
                            "Options": [
                                {
                                    "Label": "HP Service",
                                    "Score": 0
                                },
                                {
                                    "Label": "Have my own Logistics",
                                    "Score": 0
                                },
                                {
                                    "Label": "Via a Third Party",
                                    "Score": 0
                                }
                            ],
                            "id": "5fe88b35d8633e92abedf4fd",
                            "Score": 0,
                            "ScoreV2022": 0
                        },
                        {
                            "QuestionNo": 411,
                            "OtherInputScore": 0,
                            "Text": "Do you or your delivery partner provide close to real-time or real-time tracking of consignments to the customer for your e-commerce transactions?",
                            "Options": [
                                {
                                    "Label": "Yes",
                                    "Score": 10
                                },
                                {
                                    "Label": "No",
                                    "Score": 1
                                },
                                {
                                    "Label": "Not Sure",
                                    "Score": 2
                                }
                            ],
                            "id": "5fe88b36d8633e92abedf504",
                            "Score": 0,
                            "ScoreV2022": 0
                        }
                    ],
                    "id": "5fe628514f0081387c1ae588",
                    "SubSectionName": "Ecom via own website",
                    "Score": 0,
                    "ScoreV2022": "None",
                    "ScoreChange": 0
                },
                {
                    "questions": [
                        {
                            "QuestionNo": 412,
                            "OtherInputScore": 0,
                            "Text": "What percentage of your online sales come from market places?",
                            "Options": [
                                {
                                    "Label": "Less than 25% comes from marketplaces",
                                    "Score": 10
                                },
                                {
                                    "Label": "Between 25-50% comes from marketplaces",
                                    "Score": 5
                                },
                                {
                                    "Label": "Between 50-75% comes from marketplaces",
                                    "Score": 5
                                },
                                {
                                    "Label": "More than 75% is marketplaces",
                                    "Score": 5
                                },
                                {
                                    "Label": "All your sales come from marketplaces",
                                    "Score": 10
                                },
                                {
                                    "Label": "Not sure",
                                    "Score": 0
                                }
                            ],
                            "id": "5fe88b36d8633e92abedf50b",
                            "Score": 0,
                            "ScoreV2022": 0
                        },
                        {
                            "QuestionNo": 413,
                            "OtherInputScore": 0,
                            "Text": "Approximately what percentage of your markteplace sales are B2B vs B2C?",
                            "Options": [
                                {
                                    "Label": "I do not sell B2B only B2C",
                                    "Score": 3
                                },
                                {
                                    "Label": "<25% is B2B",
                                    "Score": 5
                                },
                                {
                                    "Label": "Approx 50:50",
                                    "Score": 5
                                },
                                {
                                    "Label": ">75% is B2B",
                                    "Score": 5
                                },
                                {
                                    "Label": "I do not sell B2C only B2B",
                                    "Score": 3
                                }
                            ],
                            "id": "5fe88b37d8633e92abedf518",
                            "Score": 0,
                            "ScoreV2022": 0
                        },
                        {
                            "QuestionNo": 414,
                            "OtherInputScore": 3,
                            "Text": "Which market places do you sell on?",
                            "Options": [
                                {
                                    "Label": "Amazon",
                                    "Score": 3
                                },
                                {
                                    "Label": "Lazada",
                                    "Score": 3
                                },
                                {
                                    "Label": "Flipkart",
                                    "Score": 3
                                },
                                {
                                    "Label": "Ebay",
                                    "Score": 3
                                },
                                {
                                    "Label": "Walmart marketplace",
                                    "Score": 3
                                },
                                {
                                    "Label": "Alibaba",
                                    "Score": 3
                                },
                                {
                                    "Label": "Shopee",
                                    "Score": 3
                                },
                                {
                                    "Label": "Rakuten",
                                    "Score": 3
                                },
                                {
                                    "Label": "Overstock",
                                    "Score": 3
                                },
                                {
                                    "Label": "Global Sources",
                                    "Score": 3
                                },
                                {
                                    "Label": "EC21",
                                    "Score": 3
                                }
                            ],
                            "id": "5fe88b38d8633e92abedf523",
                            "Score": 0,
                            "ScoreV2022": 0
                        },
                        {
                            "QuestionNo": 415,
                            "OtherInputScore": 0,
                            "Text": "Do you proactively try to optimise and improve your marketplace product feeds?",
                            "Options": [
                                {
                                    "Label": "Yes",
                                    "Score": 10
                                },
                                {
                                    "Label": "No",
                                    "Score": 1
                                },
                                {
                                    "Label": "Not Sure",
                                    "Score": 2
                                }
                            ],
                            "id": "5fe88b38d8633e92abedf52a",
                            "Score": 0,
                            "ScoreV2022": 0
                        },
                        {
                            "QuestionNo": 416,
                            "OtherInputScore": 0,
                            "Text": "Do you use any 3rd party services or tools to manage your market place listing, if so which?",
                            "Options": [
                                {
                                    "Label": "Yes",
                                    "Score": 10
                                },
                                {
                                    "Label": "No",
                                    "Score": 1
                                },
                                {
                                    "Label": "Not Sure",
                                    "Score": 2
                                }
                            ],
                            "id": "5fe88b39d8633e92abedf531",
                            "Score": 0,
                            "ScoreV2022": 0
                        },
                        {
                            "QuestionNo": 418,
                            "OtherInputScore": 5,
                            "Text": "What type of products do you sell through marketplaces?",
                            "Options": [
                                {
                                    "Label": "Personal Computers ",
                                    "Score": 5
                                },
                                {
                                    "Label": "Printing Products",
                                    "Score": 5
                                },
                                {
                                    "Label": "Hardware Supplies",
                                    "Score": 5
                                }
                            ],
                            "id": "5fe88b3ad8633e92abedf538",
                            "Score": 0,
                            "ScoreV2022": 0
                        },
                        {
                            "QuestionNo": 421,
                            "OtherInputScore": 0,
                            "Text": "Do you use the syndicated content and data provided by HP for your marketplace product listings?",
                            "Options": [
                                {
                                    "Label": "Yes",
                                    "Score": 6
                                },
                                {
                                    "Label": "No",
                                    "Score": 4
                                },
                                {
                                    "Label": "Not Sure",
                                    "Score": 4
                                }
                            ],
                            "id": "5fe88b41d8633e92abedf57e",
                            "Score": 0,
                            "ScoreV2022": 0
                        },
                        {
                            "QuestionNo": 417,
                            "Text": "Please specify the names of the marketplace tools or services you use?",
                            "OtherInputScore": 0,
                            "Options": [],
                            "id": "600337c905793200136d08d9",
                            "Score": 0,
                            "ScoreV2022": 0
                        }
                    ],
                    "id": "5fe6285d4f0081387c1ae589",
                    "SubSectionName": "Ecom via marketplaces",
                    "Score": 0,
                    "ScoreV2022": "None",
                    "ScoreChange": 0
                },
                {
                    "questions": [
                        {
                            "QuestionNo": 423,
                            "OtherInputScore": 4,
                            "Text": "On which social channels do you sell directly?",
                            "Options": [
                                {
                                    "Label": "Whatsapp Business",
                                    "Score": 4
                                },
                                {
                                    "Label": "Facebook Shop",
                                    "Score": 4
                                },
                                {
                                    "Label": "Instagram Shop",
                                    "Score": 4
                                },
                                {
                                    "Label": "Weibo",
                                    "Score": 4
                                },
                                {
                                    "Label": "WeChat",
                                    "Score": 4
                                },
                                {
                                    "Label": "LINE",
                                    "Score": 4
                                },
                                {
                                    "Label": "IMO",
                                    "Score": 4
                                }
                            ],
                            "id": "5fe88b43d8633e92abedf58e",
                            "Score": 4,
                            "ScoreV2022": "None",
                            "Answer": [
                                {
                                    "id": "101",
                                    "Label": "OTHER",
                                    "Response": "Other"
                                }
                            ]
                        },
                        {
                            "QuestionNo": 424,
                            "OtherInputScore": 0,
                            "Text": "What shipping options do you give your customer for your social selling transactions?",
                            "Options": [
                                {
                                    "Label": "Same Day",
                                    "Score": 10
                                },
                                {
                                    "Label": "Next Day",
                                    "Score": 8
                                },
                                {
                                    "Label": "Within a week",
                                    "Score": 5
                                },
                                {
                                    "Label": "Within a month",
                                    "Score": 2
                                },
                                {
                                    "Label": "Not sure",
                                    "Score": 1
                                }
                            ],
                            "id": "5fe88b43d8633e92abedf59d",
                            "Score": 8,
                            "ScoreV2022": "None",
                            "Answer": [
                                {
                                    "id": "5fe88b43d8633e92abedf59f",
                                    "Label": "Next Day",
                                    "Response": "Next Day"
                                }
                            ]
                        },
                        {
                            "QuestionNo": 425,
                            "OtherInputScore": 0,
                            "Text": "How do you fulfill logistics for your social selling transactions?",
                            "Options": [
                                {
                                    "Label": "HP Courier Service",
                                    "Score": 0
                                },
                                {
                                    "Label": "Have my own Logistics",
                                    "Score": 0
                                },
                                {
                                    "Label": "Via a Third Party",
                                    "Score": 0
                                }
                            ],
                            "id": "5fe88b44d8633e92abedf5a8",
                            "Score": 0,
                            "ScoreV2022": "None",
                            "Answer": [
                                {
                                    "id": "5fe88b44d8633e92abedf5aa",
                                    "Label": "Have my own Logistics",
                                    "Response": "Have my own Logistics"
                                },
                                {
                                    "id": "5fe88b44d8633e92abedf5ab",
                                    "Label": "Via a Third Party",
                                    "Response": "Via a Third Party"
                                }
                            ]
                        },
                        {
                            "QuestionNo": 426,
                            "OtherInputScore": 0,
                            "Text": "Do you or your delivery partner provide real-time or close to or real-time tracking of consignments to the customer for your social selling transactions?",
                            "Options": [
                                {
                                    "Label": "Yes",
                                    "Score": 10
                                },
                                {
                                    "Label": "No",
                                    "Score": 1
                                },
                                {
                                    "Label": "Not Sure",
                                    "Score": 2
                                }
                            ],
                            "id": "5fe88b45d8633e92abedf5af",
                            "Score": 1,
                            "ScoreV2022": "None",
                            "Answer": [
                                {
                                    "id": "5fe88b45d8633e92abedf5b1",
                                    "Label": "No",
                                    "Response": "No"
                                }
                            ]
                        }
                    ],
                    "id": "5fe628674f0081387c1ae58a",
                    "SubSectionName": "Social Selling",
                    "Score": 43.333333333333336,
                    "ScoreV2022": "None",
                    "ScoreChange": 0
                },
                {
                    "questions": [
                        {
                            "QuestionNo": 427,
                            "OtherInputScore": 0,
                            "Text": "Do you use any lead management and workflow tools?",
                            "Options": [
                                {
                                    "Label": "Yes",
                                    "Score": 10
                                },
                                {
                                    "Label": "No",
                                    "Score": 2
                                },
                                {
                                    "Label": "Not Sure",
                                    "Score": 4
                                }
                            ],
                            "id": "5fe88b46d8633e92abedf5b6",
                            "Score": 2,
                            "ScoreV2022": "None",
                            "Answer": [
                                {
                                    "id": "5fe88b46d8633e92abedf5b8",
                                    "Label": "No",
                                    "Response": "No"
                                }
                            ]
                        },
                        {
                            "QuestionNo": 428,
                            "Text": "Which lead management tools are you using?",
                            "OtherInputScore": 0,
                            "Options": [],
                            "id": "6022db04bfa8c60013416644",
                            "Score": 0,
                            "ScoreV2022": 0
                        }
                    ],
                    "id": "5fe628724f0081387c1ae58b",
                    "SubSectionName": "Lead Generation",
                    "Score": 20,
                    "ScoreV2022": "None",
                    "ScoreChange": 0
                }
            ],
            "id": "5fe623c6b04fb600909729a6",
            "sectionName": "Transact",
            "Score": 31.666666666666664,
            "ScoreV2022": "None",
            "ScoreChange": 0
        },
        {
            "sub_sections": [
                {
                    "questions": [
                        {
                            "QuestionNo": 501,
                            "OtherInputScore": 4,
                            "Text": "How do you reach out to the customers for personalised after-sale services?",
                            "Options": [
                                {
                                    "Label": "Marketing Automation",
                                    "Score": 4
                                },
                                {
                                    "Label": "E-Mail",
                                    "Score": 4
                                },
                                {
                                    "Label": "Messenger Service (e.g. Whatsapp)",
                                    "Score": 4
                                },
                                {
                                    "Label": "SMS",
                                    "Score": 4
                                },
                                {
                                    "Label": "None of the above",
                                    "Score": 0
                                }
                            ],
                            "id": "5fe88de9d8633e92abedf5bd",
                            "Score": 8,
                            "ScoreV2022": "None",
                            "Answer": [
                                {
                                    "id": "5fe88de9d8633e92abedf5bf",
                                    "Label": "E-Mail",
                                    "Response": "E-Mail"
                                },
                                {
                                    "id": "5fe88de9d8633e92abedf5be",
                                    "Label": "Marketing Automation",
                                    "Response": "Marketing Automation"
                                }
                            ]
                        },
                        {
                            "QuestionNo": 502,
                            "OtherInputScore": 4,
                            "Text": "Which offers do you provide customers on your webpage/access points?",
                            "Options": [
                                {
                                    "Label": "Product support",
                                    "Score": 4
                                },
                                {
                                    "Label": "Repairs",
                                    "Score": 4
                                },
                                {
                                    "Label": "Installation",
                                    "Score": 4
                                },
                                {
                                    "Label": "30-day returns",
                                    "Score": 4
                                },
                                {
                                    "Label": "Pickup",
                                    "Score": 4
                                }
                            ],
                            "id": "5fe88dead8633e92abedf5c6",
                            "Score": 4,
                            "ScoreV2022": "None",
                            "Answer": [
                                {
                                    "id": "5fe88dead8633e92abedf5c7",
                                    "Label": "Product support",
                                    "Response": "Product support"
                                }
                            ]
                        },
                        {
                            "QuestionNo": 503,
                            "OtherInputScore": 4,
                            "Text": "Which of these tools do you use to optimize your delivery services?",
                            "Options": [
                                {
                                    "Label": "CRM Tools (Including call management Software, Customer and Ticket Management Software)",
                                    "Score": 4
                                },
                                {
                                    "Label": "Inventory Management",
                                    "Score": 4
                                },
                                {
                                    "Label": "Logistics Management",
                                    "Score": 4
                                }
                            ],
                            "id": "5fe88dead8633e92abedf5d1",
                            "Score": 4,
                            "ScoreV2022": "None",
                            "Answer": [
                                {
                                    "id": "5fe88dead8633e92abedf5d2",
                                    "Label": "CRM Tools (Including call management Software, Customer and Ticket Management Software)",
                                    "Response": "CRM Tools (Including call management Software, Customer and Ticket Management Software)"
                                }
                            ]
                        },
                        {
                            "QuestionNo": 504,
                            "OtherInputScore": 0,
                            "Text": "How much time do you take to respond to a product/service-related query?",
                            "Options": [
                                {
                                    "Label": "Under an hour",
                                    "Score": 10
                                },
                                {
                                    "Label": "Within 2 hours",
                                    "Score": 8
                                },
                                {
                                    "Label": "Within 6 hours",
                                    "Score": 6
                                },
                                {
                                    "Label": "Within a day",
                                    "Score": 4
                                },
                                {
                                    "Label": "More than a day",
                                    "Score": 2
                                }
                            ],
                            "id": "5fe88debd8633e92abedf5d8",
                            "Score": 10,
                            "ScoreV2022": "None",
                            "Answer": [
                                {
                                    "id": "5fe88debd8633e92abedf5d9",
                                    "Label": "Under an hour",
                                    "Response": "Under an hour"
                                }
                            ]
                        },
                        {
                            "QuestionNo": 505,
                            "OtherInputScore": 4,
                            "Text": "How can a customer raise a service-related query?",
                            "Options": [
                                {
                                    "Label": "Online contact form",
                                    "Score": 4
                                },
                                {
                                    "Label": "Email or Call you",
                                    "Score": 4
                                },
                                {
                                    "Label": "Social Media",
                                    "Score": 4
                                },
                                {
                                    "Label": "Chatbot",
                                    "Score": 4
                                },
                                {
                                    "Label": "Live chat",
                                    "Score": 4
                                },
                                {
                                    "Label": "This is not a service we provide",
                                    "Score": 0
                                }
                            ],
                            "id": "5fe88decd8633e92abedf5e3",
                            "Score": 8,
                            "ScoreV2022": "None",
                            "Answer": [
                                {
                                    "id": "5fe88decd8633e92abedf5e5",
                                    "Label": "Email or Call you",
                                    "Response": "Email or Call you"
                                },
                                {
                                    "id": "5fe88decd8633e92abedf5e6",
                                    "Label": "Social Media",
                                    "Response": "Social Media"
                                }
                            ]
                        },
                        {
                            "QuestionNo": 506,
                            "OtherInputScore": 6,
                            "Text": "Which method do you use to provide after-sales service to your customers?",
                            "Options": [
                                {
                                    "Label": "On-site Services",
                                    "Score": 6
                                },
                                {
                                    "Label": "Walk-In / In house Repair",
                                    "Score": 6
                                },
                                {
                                    "Label": "Product Replacement",
                                    "Score": 6
                                }
                            ],
                            "id": "5fe88decd8633e92abedf5f0",
                            "Score": 6,
                            "ScoreV2022": "None",
                            "Answer": [
                                {
                                    "id": "5fe88decd8633e92abedf5f1",
                                    "Label": "On-site Services",
                                    "Response": "On-site Services"
                                }
                            ]
                        }
                    ],
                    "id": "5fe628944f0081387c1ae58c",
                    "SubSectionName": "Aftersales Service",
                    "Score": 59.70149253731343,
                    "ScoreV2022": "None",
                    "ScoreChange": 0
                },
                {
                    "questions": [
                        {
                            "QuestionNo": 507,
                            "OtherInputScore": 0,
                            "Text": "Do you have a customer loyalty program?",
                            "Options": [
                                {
                                    "Label": "Yes",
                                    "Score": 10
                                },
                                {
                                    "Label": "No",
                                    "Score": 2
                                },
                                {
                                    "Label": "Not Sure",
                                    "Score": 4
                                }
                            ],
                            "id": "5fe88dedd8633e92abedf5f5",
                            "Score": 2,
                            "ScoreV2022": "None",
                            "Answer": [
                                {
                                    "id": "5fe88dedd8633e92abedf5f7",
                                    "Label": "No",
                                    "Response": "No"
                                }
                            ]
                        },
                        {
                            "QuestionNo": 508,
                            "OtherInputScore": 4,
                            "Text": "Which of the following methods and techniques does your company use to improve/increase the lifetime value of a customer? ",
                            "Options": [
                                {
                                    "Label": "CRM-generated emails",
                                    "Score": 4
                                },
                                {
                                    "Label": "Predictive Analytics recommendations",
                                    "Score": 4
                                },
                                {
                                    "Label": "Post-sale surveys",
                                    "Score": 4
                                },
                                {
                                    "Label": "Loyalty program",
                                    "Score": 4
                                },
                                {
                                    "Label": "Referral program",
                                    "Score": 4
                                },
                                {
                                    "Label": "None of the above",
                                    "Score": 0
                                }
                            ],
                            "id": "5fe88deed8633e92abedf5fc",
                            "Score": 0,
                            "ScoreV2022": "None",
                            "Answer": [
                                {
                                    "id": "5fe88deed8633e92abedf603",
                                    "Label": "None of the above",
                                    "Response": "None of the above"
                                }
                            ]
                        }
                    ],
                    "id": "5fe628a14f0081387c1ae58d",
                    "SubSectionName": "Customer Loyalty",
                    "Score": 10,
                    "ScoreV2022": "None",
                    "ScoreChange": 0
                }
            ],
            "id": "5fe623deb04fb600909729a7",
            "sectionName": "Retain",
            "Score": 34.850746268656714,
            "ScoreV2022": "None",
            "ScoreChange": 0
        }
    ],
    "id": "5fe6230036d28811f0282a35",
    "AssessmentCategoryName": "Digital Assessment",
    "Score": 33.4968551132762,
    "ScoreV2022": "None",
    "ScoreChange": 0
}