{
  "appInfo": {
    "exitScreenName": "www.hp.com/www.hp.com/gb-en/shop/",
    "landingScreenName": "www.hp.com/www.hp.com/gb-en/shop/",
    "screenDepth": "0",
    "screenName": "www.hp.com/www.hp.com/gb-en/shop/"
  },
  "contentGroup": {
    "contentGroup1": "store",
    "contentGroup2": "store:public",
    "contentGroup3": "store:public",
    "contentGroup4": "store:public",
    "contentGroup5": "store:public",
    "contentGroupUniqueViews1": "1",
    "contentGroupUniqueViews2": "1",
    "contentGroupUniqueViews3": "1",
    "contentGroupUniqueViews4": "1",
    "contentGroupUniqueViews5": "1",
    "previousContentGroup1": "(entrance)",
    "previousContentGroup2": "(entrance)",
    "previousContentGroup3": "(entrance)",
    "previousContentGroup4": "(entrance)",
    "previousContentGroup5": "(entrance)"
  },
  "customDimensions": [
    {
      "index": "1",
      "value": "uk"
    },
    {
      "index": "2",
      "value": "emea"
    },
    {
      "index": "3",
      "value": "en"
    },
    {
      "index": "4",
      "value": "en-uk"
    },
    {
      "index": "5",
      "value": "store"
    },
    {
      "index": "6",
      "value": "store:public"
    },
    {
      "index": "7",
      "value": "store:public"
    },
    {
      "index": "8",
      "value": "store:public"
    },
    {
      "index": "35",
      "value": "store:public:/www.hp.com/gb-en/shop/"
    },
    {
      "index": "9",
      "value": "store:public"
    },
    {
      "index": "10",
      "value": "store:public"
    },
    {
      "index": "11",
      "value": "www.hp.com/gb-en/shop/"
    },
    {
      "index": "13",
      "value": "production"
    },
    {
      "index": "17",
      "value": "1434672684.1683921466"
    },
    {
      "index": "22",
      "value": "store uk iscs"
    },
    {
      "index": "23",
      "value": "https://www.hp.com/gb-en/shop/"
    },
    {
      "index": "24",
      "value": "https://www.hp.com/gb-en/shop/"
    },
    {
      "index": "25",
      "value": "www.hp.com"
    },
    {
      "index": "26",
      "value": "https://www.hp.com/us-en/shop/cat/printers"
    },
    {
      "index": "27",
      "value": "agu|GTM-MZXB4R4|A230426a|v4.43|JS"
    },
    {
      "index": "28",
      "value": "mobile"
    },
    {
      "index": "29",
      "value": "sa:06"
    },
    {
      "index": "36",
      "value": "uk:en:store:public:/www.hp.com/gb-en/shop/"
    },
    {
      "index": "47",
      "value": "N"
    },
    {
      "index": "52",
      "value": "emea:uk:store:public"
    },
    {
      "index": "53",
      "value": "uki"
    },
    {
      "index": "54",
      "value": "80070614054009104372316983128862480413"
    },
    {
      "index": "69",
      "value": "Consumer"
    },
    {
      "index": "75",
      "value": ""
    },
    {
      "index": "76",
      "value": ""
    },
    {
      "index": "77",
      "value": ""
    },
    {
      "index": "78",
      "value": ""
    },
    {
      "index": "79",
      "value": "Consumer-Public"
    },
    {
      "index": "80",
      "value": "OS X 605.1.15"
    },
    {
      "index": "82",
      "value": "hp.com"
    },
    {
      "index": "149",
      "value": "4.9"
    },
    {
      "index": "73",
      "value": "6B54B766"
    },
    {
      "index": "74",
      "value": "0001:0002:01"
    },
    {
      "index": "66",
      "value": "12345"
    },
    {
      "index": "81",
      "value": "1:1,2:1,3:1,4:1,8:1"
    }
  ],
  "customMetrics": [
    {
      "index": "100",
      "value": "1"
    },
    {
      "index": "99",
      "value": "49"
    }
  ],
  "customVariables": [],
  "dataSource": "web",
  "eCommerceAction": {
    "action_type": "0",
    "option": null,
    "step": "1"
  },
  "eventInfo": null,
  "exceptionInfo": {
    "isFatal": true
  },
  "experiment": [],
  "hitNumber": "1",
  "hour": "19",
  "isEntrance": true,
  "isExit": true,
  "isInteraction": true,
  "item": {
    "currencyCode": "GBP",
    "transactionId": null
  },
  "latencyTracking": null,
  "minute": "58",
  "page": {
    "hostname": "www.hp.com",
    "pagePath": "/www.hp.com/gb-en/shop/",
    "pagePathLevel1": "/www.hp.com/",
    "pagePathLevel2": "/gb-en/",
    "pagePathLevel3": "/shop/",
    "pagePathLevel4": "/",
    "pageTitle": "Official HPÂ® Store | Laptops, Desktops, Monitors & Printers - HP Store UK",
    "searchCategory": null,
    "searchKeyword": null
  },
  "product": [],
  "promotion": [
    {
      "promoCreative": "Carousel",
      "promoId": "SpectreCarrousel1stLtPLP",
      "promoName": "Homepage",
      "promoPosition": "Carousel1"
    },
    {
      "promoCreative": "Carousel",
      "promoId": "SpectreCarrousel1stLtPLP",
      "promoName": "Homepage",
      "promoPosition": "Carousel1"
    },
    {
      "promoCreative": "Carousel",
      "promoId": "PolywbwCarrousel2ndHomepage",
      "promoName": "Homepage",
      "promoPosition": "Carousel2"
    },
    {
      "promoCreative": "Carousel",
      "promoId": "PolywbwCarrousel2ndHomepage",
      "promoName": "Homepage",
      "promoPosition": "Carousel2"
    },
    {
      "promoCreative": "Mosaic",
      "promoId": "PUBMosaicSingle1sLtHomePLP",
      "promoName": "Homepage",
      "promoPosition": "Mosaic1_1"
    },
    {
      "promoCreative": "Mosaic",
      "promoId": "PUBMosaicSingle1sLtBusinessPLP",
      "promoName": "Homepage",
      "promoPosition": "Mosaic1_2"
    },
    {
      "promoCreative": "Mosaic",
      "promoId": "PUBMosaicSingle1sDtHomePLP",
      "promoName": "Homepage",
      "promoPosition": "Mosaic2_1"
    },
    {
      "promoCreative": "Mosaic",
      "promoId": "PUBMosaicSingle1sDtBusinessPLP",
      "promoName": "Homepage",
      "promoPosition": "Mosaic2_2"
    },
    {
      "promoCreative": "Mosaic",
      "promoId": "PUBMosaicDouble2ndPriPLP",
      "promoName": "Homepage",
      "promoPosition": "Mosaic3_double1"
    },
    {
      "promoCreative": "Mosaic",
      "promoId": "PUBMosaicDouble2ndAccPLP",
      "promoName": "Homepage",
      "promoPosition": "Mosaic3_double2"
    },
    {
      "promoCreative": "Mosaic",
      "promoId": "PUBMosaicDouble3rdLtGamingPLP",
      "promoName": "Homepage",
      "promoPosition": "Mosaic4_double1"
    },
    {
      "promoCreative": "Mosaic",
      "promoId": "PUBMosaicDoubleInkTonerPaperPLP",
      "promoName": "Homepage",
      "promoPosition": "Mosaic4_double2"
    },
    {
      "promoCreative": "Mosaic",
      "promoId": "PUBMosaicDoubleInstantInkPLP",
      "promoName": "Homepage",
      "promoPosition": "Mosaic5_double1"
    },
    {
      "promoCreative": "Mosaic",
      "promoId": "PUBMosaicSingleDiablogamingODP",
      "promoName": "Homepage",
      "promoPosition": "Mosaic5_2"
    },
    {
      "promoCreative": "Mosaic",
      "promoId": "PUBMosaicSingleIntelPLP",
      "promoName": "Homepage",
      "promoPosition": "Mosaic6_1"
    },
    {
      "promoCreative": "Mosaic",
      "promoId": "PUBMosaicSingleStudentstorePLP",
      "promoName": "Homepage",
      "promoPosition": "Mosaic6_2"
    },
    {
      "promoCreative": "Mosaic",
      "promoId": "LiveExpert",
      "promoName": "Homepage",
      "promoPosition": "Mosaic7_1"
    }
  ],
  "promotionActionInfo": {
    "promoIsClick": null,
    "promoIsView": true
  },
  "publisher_infos": [],
  "referer": null,
  "social": {
    "hasSocialSourceReferral": "No",
    "socialInteractionNetworkAction": " : ",
    "socialNetwork": "(not set)"
  },
  "time": "0",
  "transaction": {
    "affiliation": null,
    "currencyCode": "GBP",
    "localTransactionRevenue": null,
    "localTransactionShipping": null,
    "localTransactionTax": null,
    "transactionCoupon": null,
    "transactionId": null,
    "transactionRevenue": null,
    "transactionShipping": null,
    "transactionTax": null
  },
  "type": "PAGE",
  "uses_transient_token": "UNKNOWN"
}