{
    "sections": "[{\"sub_sections\":[{\"questions\":[{\"QuestionNo\":202",
    "Text": "Which Social Channels are you present on?",
    "Options": [
        {
            "Label": "Facebook",
            "Score": 3
        },
        {
            "Label": "Instagram",
            "Score": 3
        },
        {
            "Label": "Snapchat",
            "Score": 3
        },
        {
            "Label": "Twitter",
            "Score": 3
        },
        {
            "Label": "Like",
            "Score": 3
        },
        {
            "Label": "TikTok",
            "Score": 3
        },
        {
            "Label": "Line",
            "Score": 3
        },
        {
            "Label": "IMO",
            "Score": 3
        },
        {
            "Label": "WeChat",
            "Score": 3
        },
        {
            "Label": "Zalo",
            "Score": 3
        },
        {
            "Label": "LinkedIn",
            "Score": 3
        }
    ],
    "OtherInputScore": 3,
    "id": "5fe87d631fbef0918a7a4190",
    "Score": 3,
    "ScoreV2022": null,
    "Answer": [
        {
            "id": "5fe87d631fbef0918a7a4191",
            "Label": "Facebook",
            "Response": "Facebook"
        }
    ]
}
fo3b499nn0powwrbp9lplfr4wwt271vtr3s01oi1y5dqb92xfd5wb3nlhtl2xi0p5u1jjy18ijlssfd