[
    {
        "QuestionNo": 202,
        "Text": "Which Social Channels are you present on?",
        "Options": [
            {
                "Label": "Facebook",
                "Score": 3
            },
            {
                "Label": "Instagram",
                "Score": 3
            },
            {
                "Label": "Snapchat",
                "Score": 3
            },
            {
                "Label": "Twitter",
                "Score": 3
            },
            {
                "Label": "Like",
                "Score": 3
            },
            {
                "Label": "TikTok",
                "Score": 3
            },
            {
                "Label": "Line",
                "Score": 3
            },
            {
                "Label": "IMO",
                "Score": 3
            },
            {
                "Label": "WeChat",
                "Score": 3
            },
            {
                "Label": "Zalo",
                "Score": 3
            },
            {
                "Label": "LinkedIn",
                "Score": 3
            }
        ],
        "OtherInputScore": 3,
        "id": "5fe87d631fbef0918a7a4190",
        "Score": 9,
        "ScoreV2022": 6,
        "Answer": [
            {
                "id": "5fe87d631fbef0918a7a4191",
                "Label": "Facebook",
                "Response": "Facebook"
            },
            {
                "id": "5fe87d631fbef0918a7a4194",
                "Label": "Twitter",
                "Response": "Twitter"
            },
            {
                "id": "5fe87d631fbef0918a7a419b",
                "Label": "LinkedIn",
                "Response": "LinkedIn"
            }
        ]
    },
    {
        "QuestionNo": 203,
        "Text": "How often does your company post content on social media platforms?",
        "Options": [
            {
                "Label": "Never; we don't engage in social media",
                "Score": 1
            },
            {
                "Label": "On ad-hoc occasions; maybe once a quarter",
                "Score": 2
            },
            {
                "Label": "Typically on a monthly basis",
                "Score": 3
            },
            {
                "Label": "Bi-Weekly",
                "Score": 4
            },
            {
                "Label": "Every Week",
                "Score": 5
            },
            {
                "Label": "Every Day",
                "Score": 5
            },
            {
                "Label": "Not Sure",
                "Score": 1
            }
        ],
        "OtherInputScore": 0,
        "id": "5fe87d641fbef0918a7a41a9",
        "Score": 3,
        "ScoreV2022": 4,
        "Answer": [
            {
                "id": "5fe87d641fbef0918a7a41ac",
                "Label": "Typically on a monthly basis",
                "Response": "Typically on a monthly basis"
            }
        ]
    },
    {
        "QuestionNo": 205,
        "Text": "What types of content do you post on your social media channels?",
        "Options": [
            {
                "Label": "Content you have created",
                "Score": 8
            },
            {
                "Label": "Content HP has created",
                "Score": 5
            },
            {
                "Label": "Content a 3rd Party has created",
                "Score": 3
            },
            {
                "Label": "You reshare HP content",
                "Score": 3
            }
        ],
        "OtherInputScore": 3,
        "id": "5fe87d651fbef0918a7a41bf",
        "Score": 8,
        "ScoreV2022": 15,
        "Answer": [
            {
                "id": "5fe87d651fbef0918a7a41c0",
                "Label": "Content you have created",
                "Response": "Content you have created"
            }
        ]
    },
    {
        "QuestionNo": 206,
        "Text": "Do you spend money to promote your posts on Social Media?",
        "Options": [
            {
                "Label": "Yes",
                "Score": 10
            },
            {
                "Label": "No",
                "Score": 1
            },
            {
                "Label": "Not Sure",
                "Score": 2
            }
        ],
        "OtherInputScore": 0,
        "id": "5fe87d661fbef0918a7a41ca",
        "Score": 10,
        "ScoreV2022": 1,
        "Answer": [
            {
                "id": "5fe87d661fbef0918a7a41cb",
                "Label": "Yes",
                "Response": "Yes"
            }
        ]
    }
]